"id","frame","x [nm]","y [nm]","sigma [nm]","intensity [photon]","uncertainty [nm]"
26.0,1.0,32500.421343175836,19989.152331285113,2119.6960050019484,31221.683714843894,530.561842856367
30.0,1.0,33395.255635678936,18455.936794934416,862.258210999684,15022.082249058098,162.827192646315
35.0,1.0,37951.47227710321,29528.429604763405,824.5241939182921,15789.67681877406,30.046083584289537
36.0,1.0,37866.739439592435,608534.2486186805,836.4752913572646,18847.968999492736,28.22019802653233
37.0,1.0,40185.628612777335,972196.0486241643,768.6127748789048,17039.90678089714,40.49366801135089
41.0,1.0,44156.106607961985,609204.7465685583,842.7614458216788,17085.70101455768,33.10931017614536
42.0,1.0,43975.050968629126,672047.190384408,740.6825427656878,16089.458483938055,31.626128458587154
44.0,1.0,45086.999800837555,963380.9684164537,889.991727677496,19408.14791332675,34.1614286882139
46.0,1.0,49060.21537480877,20803.718009861055,1060.0861123570844,16499.90273422772,143.93635233247468
48.0,1.0,49718.069227491025,503054.04736059223,792.4574657008561,18791.99540926435,29.09491147310272
50.0,1.0,50389.19389723654,24930.537591297147,890.2938072831375,14542.139847755774,84.22922545347177
51.0,1.0,52666.7752750797,666509.098883338,1134.9786693175026,13892.275732601149,55.21054718182765
54.0,1.0,58018.81459765148,12456.443561880053,816.0494862949364,16260.215029060622,36.03063065924482
55.0,1.0,58228.91146117873,562721.8643280842,723.5673803311852,13906.961084069642,178.26023652710853
57.0,1.0,59028.50024854764,511072.5432630983,874.6436516240329,19909.86391977724,26.033080378053878
60.0,1.0,61535.65081454261,564172.5014591217,714.4023781014561,15767.36907974264,125.73057475112198
62.0,1.0,64923.72042296727,7686.504754055575,773.7483627002714,14019.705528709092,75.83084274316553
66.0,1.0,67707.93112823712,326381.0117165039,756.5279081983832,15468.54085234474,33.74308768022668
68.0,1.0,67709.70668094198,992173.184666336,811.0130763927943,16997.127586530758,40.87688627743762
71.0,1.0,69475.26033164137,7256.689240199184,821.2438157167333,14936.58152345387,42.83629032928771
72.0,1.0,69989.90285911909,572281.4706255742,840.7369093113091,19523.332020217935,37.38444125209022
75.0,1.0,74122.69791506925,993363.5807019487,821.4820560421342,17402.503292219695,38.381268017340766
76.0,1.0,77363.8576116573,85649.07011583808,970.0644732347351,19208.538555813964,37.980791848214054
77.0,1.0,76843.2650723537,981552.1770556384,785.9065150303567,17643.05191198831,34.351557979911085
79.0,1.0,78469.34425371047,331137.54366202786,789.2575322547218,18291.419535186127,38.101727213213174
80.0,1.0,78660.13505131385,12997.014205297311,872.4802035600636,16216.930248987304,38.23810054114868
86.0,1.0,83511.99628562169,87719.8307120023,907.6325305328105,17557.453964170058,38.74485452740571
88.0,1.0,84958.69560929744,9874.057886158782,793.7154768363295,16704.749435369664,34.78244402944965
89.0,1.0,84795.56049502933,67965.4927088503,886.6121212684378,17628.2735129855,36.52252365448203
90.0,1.0,87903.66751467714,53675.316668595406,954.4887028691314,17192.437611477173,62.79269600306838
91.0,1.0,89456.26483747858,728148.1710633666,722.3366063950588,17581.14074976783,28.84290563694954
93.0,1.0,90549.58196658372,529452.0510829336,789.2919122110136,19438.71548801164,74.94252649562884
94.0,1.0,90884.03845250701,533660.7866552098,764.5289824821945,20105.50262195157,65.63671229064481
97.0,1.0,90306.7180107956,1103457.36073643,830.8703651485669,17284.71085553214,44.64486921737675
102.0,1.0,93411.02070073281,950313.0305472637,927.1100513628503,20729.394309723957,33.350956912768055
103.0,1.0,94168.54983832242,714403.2974821909,726.7276314871118,17495.266495853142,35.04167590629052
105.0,1.0,95612.13122163818,739667.6616257138,855.5250161554112,20388.468064897996,28.66950600032924
107.0,1.0,96508.47944347488,1116265.1985456648,798.8365456467368,17932.08434199637,33.415840319368556
108.0,1.0,100138.97814012502,47848.74978272583,849.6230876453111,18058.768774466505,33.97800913704549
112.0,1.0,103186.58135266876,539481.8140208183,878.4054630468469,20818.75959397936,32.13683714634555
113.0,1.0,103509.47671947723,960007.4454484396,854.4521935233158,20463.530650682573,31.085275864491756
121.0,1.0,111483.01176679548,880702.3831663477,764.2177773874411,18375.96014067456,36.174460236138465
123.0,1.0,114486.23146592666,166396.8298525465,1024.9318619043297,12740.694270843407,50.892795524246324
124.0,1.0,118110.89050124028,673226.4216776191,806.0928161238695,19016.259746868058,36.204567778242854
125.0,1.0,117734.331232058,682601.0425188518,712.0112780379716,17651.69046872086,29.60854721553846
128.0,1.0,118643.02829376601,877081.1439552107,805.6024518631646,18530.624880307594,38.685363857838645
130.0,1.0,123127.22813080657,158869.18788701535,861.8287814783815,17940.61699353077,37.849653021848745
136.0,1.0,139832.22297535613,577536.093709382,795.324478176583,19440.61318036914,29.889985235812897
139.0,1.0,140591.74333629943,446768.81245966296,907.9970224776087,21126.43513188548,199.74968288403792
142.0,1.0,142258.97503009305,431505.9882305629,782.0756461664167,19733.999052452196,22.47193499538469
144.0,1.0,143473.22558318768,68995.66939806027,873.086353693657,20038.612368794362,42.64620152998995
145.0,1.0,143606.44372295754,448481.64445456804,827.9134269734844,20325.054029112864,158.7332508983516
146.0,1.0,144456.29457634216,424916.30990565254,724.0221306498044,18340.927927614317,28.096682877963996
149.0,1.0,148777.2491740762,669473.3578881561,885.8056854831261,22218.866598065182,32.69644717299121
150.0,1.0,149248.5774448642,568006.6924781967,719.1909281882909,18904.43032441279,28.407515587890426
153.0,1.0,151381.53301838343,787958.882280675,821.3579085113462,19634.95543560262,31.878454776702746
154.0,1.0,152289.64373802688,797839.0108570855,870.6050525891442,20596.993245143807,42.28584778871451
156.0,1.0,153567.08553646939,76521.9810350245,3420.852945003959,34507.49267013312,145.82285228829812
157.0,1.0,153913.14245863078,545377.6000701331,740.0374217242546,18131.478836839688,29.802770241950082
158.0,1.0,154093.77685851752,1143313.5770205408,1652.983392294174,32254.6618455307,373.90248576791515
161.0,1.0,157509.52517580328,553516.4416571211,740.3575755403534,18875.096621728186,26.864153559087995
162.0,1.0,157664.37510202656,906305.2125010445,835.4776823034791,20066.133777141404,29.09701984730924
167.0,1.0,160087.06000917035,893685.4680632291,755.5141093735446,18680.038069637976,157.53836284806079
169.0,1.0,160449.08747267924,1136430.8597437702,896.956021474994,18827.880287636843,49.64816549455832
172.0,1.0,161016.4532953209,676015.0387594682,759.0155036604921,19090.381409282476,26.638650548724787
174.0,1.0,162190.75813862422,890001.1540768989,747.3471726064981,19093.272032037974,148.26905635434727
175.0,1.0,162922.8924516413,176816.6941305806,934.3486694704326,21454.740496283488,37.955121601680275
176.0,1.0,163253.92398372188,667294.7226555996,740.9451323226405,19178.51415361005,23.939843653376588
177.0,1.0,166448.46598804288,184340.41015612322,858.583022792371,18786.49052979491,36.64980696979791
178.0,1.0,170023.16579936107,817302.8435631505,821.0083309066616,19424.69211555698,33.32688998011875
181.0,1.0,172550.25509970504,825014.9786274107,874.3237133723442,20929.419656554543,28.293971459168056
182.0,1.0,172345.68835820715,1159856.6241417,877.9703783038246,19920.86647777625,55.43763766024609
185.0,1.0,175504.65238922418,675083.3015036462,887.612293444901,17797.45362544299,26.891709923876093
192.0,1.0,182850.14960949813,1156166.3056255605,875.1608032320295,19665.201263711933,41.41681137693524
194.0,1.0,183291.8015364216,516141.6501028949,703.3294654366899,18293.83038184889,25.759775904664657
198.0,1.0,188190.66233547748,628250.8504062903,820.4789993267319,20028.012992784283,25.437565646276457
199.0,1.0,189449.21222894036,503308.7978758821,721.7322695422224,18431.039838091427,42.22631477895675
200.0,1.0,189081.61108174044,750672.1346637068,745.7374722294131,20445.304298632756,28.756048944785427
202.0,1.0,189073.1510627949,1159504.1394348708,805.2034026922418,18941.576434492737,37.51336783456406
206.0,1.0,191693.30899899956,736074.873615968,786.9140725317794,22353.780597463236,20.743051352696025
207.0,1.0,192250.85844751724,635231.2412208193,914.9562378447259,21578.230416684986,22.561579214881988
209.0,1.0,193977.51170211777,499547.61279545305,752.3052493577005,18955.772781596475,68.15628421495657
211.0,1.0,196048.41698411212,807313.9356190531,829.3367608472087,20272.790889134594,28.565734123639402
213.0,1.0,199356.55107321034,80829.70381299694,945.4990126659285,20700.72099086612,36.86759053006817
214.0,1.0,199440.7546897539,193261.17720312602,871.9195387974115,21162.775433147293,35.43005034417494
220.0,1.0,204757.6777535166,812979.2220013159,894.851998346897,14163.877283970502,43.0584084680858
223.0,1.0,207660.3822528652,200870.18914167653,809.7776940383696,19791.772368457256,29.342296773073677
224.0,1.0,208668.26053841147,806104.410361827,877.280587702557,19643.91651779167,31.374095677562835
225.0,1.0,209918.138435424,88950.94713364558,917.0005675168577,20685.69692852856,43.00135832402332
228.0,1.0,212988.7614111176,1207052.374813418,936.4201965381103,20462.72805962837,39.12246589245959
230.0,1.0,218153.6440914215,1060472.2734367056,882.4750088405195,20570.203461423353,34.912687485764
231.0,1.0,218643.05797907588,1211859.6494750946,915.014622856756,20829.840139500266,38.11813010708825
234.0,1.0,220818.2144870282,1050118.3000233176,813.1070971388398,19495.32475180888,30.687120906952902
235.0,1.0,221951.0739226605,1070604.860165131,755.4629741203298,19600.704861936058,29.251492186961006
236.0,1.0,224450.97588207698,514272.32257184637,734.9352751214842,19423.543033861268,38.919765729213125
239.0,1.0,227794.6654153574,243939.9143676545,816.2668784938767,20249.287692994036,30.74083982956785
240.0,1.0,227640.8866945146,1187279.8778198126,962.4629543884009,21872.30886765315,74.7949299045688
243.0,1.0,229074.25122959237,514668.50960716617,684.7389689832441,17119.416645534988,40.85593244598438
244.0,1.0,228711.38588671634,524159.57834252866,859.4723529136816,22017.86400451675,41.58043125412863
246.0,1.0,230119.93247469308,1053354.3589743054,697.6896761494702,18898.783525347004,27.444470777756205
247.0,1.0,230179.62703834605,1195052.9493335409,771.8870009631341,18514.06968638819,37.34006901949433
249.0,1.0,232352.68278858665,1143563.9026558758,827.0781914747984,20104.812492462195,42.84449738583907
250.0,1.0,233552.54657754215,255071.84425692965,733.8566217923184,19998.9390269565,30.00525186282018
251.0,1.0,234590.5991926237,786603.8733061466,869.5277065965836,20550.695422477875,27.23689201247839
256.0,1.0,241268.3995052373,1200227.6964892712,1759.9475721007395,15514.992757388072,89.6745933118787
260.0,1.0,242091.99301405315,794307.8697155701,757.8907885397124,18848.672428152546,23.761239740073055
261.0,1.0,242866.2092815243,1150176.6006683884,815.1401598300793,19740.828453884355,29.334557697538173
264.0,1.0,245581.33132104794,1192265.1082441325,941.978602823795,21109.35762875437,51.929341396819
268.0,1.0,250395.79757495836,954144.0766597878,865.8984550296251,20027.47365576252,34.161057397410104
271.0,1.0,253300.1793352993,258221.82290482405,826.4895519819408,20537.7964715827,38.56392172402766
273.0,1.0,256173.599668714,129618.61310434637,799.5018375913227,19163.729708262068,25.643129387477355
275.0,1.0,256259.1590153824,957270.2511453959,765.4545695001138,20050.021489962306,28.17704410588283
277.0,1.0,258250.04982261517,767217.6880496137,752.0026416500052,18707.91830949463,26.97477711505156
278.0,1.0,259308.01311537588,261815.69349685533,742.7756868385594,19002.34601536525,133.9061518235988
279.0,1.0,263982.4872509993,217310.8732798558,757.8418024236545,18713.80195701404,33.23320678373194
280.0,1.0,264569.21499418793,771347.4840238752,844.0114751680495,20663.768090172285,30.35191919933253
283.0,1.0,265834.20302967855,122296.1786115438,899.8894123546828,19344.189075053164,27.67934355684805
285.0,1.0,266397.8589988172,476290.94394447166,724.0407358791041,20126.974054140395,22.072297148622123
290.0,1.0,271462.54326270724,227346.30408217493,817.3845889231703,20657.608978265904,32.94968515226965
295.0,1.0,274531.6093476244,467658.0966869399,840.8738413063534,22248.3203898634,25.58475175078943
296.0,1.0,275251.16959439474,943736.6713194179,874.6455422808294,19557.587284990408,38.08079889433416
298.0,1.0,279438.8788490941,949193.8523007693,732.058107903975,20212.273282838116,25.62163000791127
306.0,1.0,295736.84059166315,133732.2128007346,803.1928961918384,19242.47960211688,31.48505541896678
307.0,1.0,295915.56827875425,879471.4098679551,712.1827935553118,19952.154903447234,25.30131169181258
310.0,1.0,298633.13762971055,602514.9643979305,854.6028814308521,21817.397117442193,27.661052864210546
312.0,1.0,300642.0920378602,10969.896881032724,780.7903327068825,18356.24123759551,28.615054314319334
313.0,1.0,302722.50899619714,141912.83753681817,974.095746591278,15161.69214923505,37.49324737939695
314.0,1.0,302948.15275843337,212048.96359805838,799.0549956287479,19407.560709546,26.65876413319252
315.0,1.0,303773.64155371924,891114.6830163907,768.4170746391549,19011.790078394934,27.826973100232678
316.0,1.0,305540.55705657724,559038.0828019527,875.6213236720082,21170.215049191385,26.166169620743144
317.0,1.0,306252.69323807536,583952.4030636629,1751.236151161908,10226.832595878865,127.43579446189037
318.0,1.0,306809.208289629,602233.9777232817,851.5012075685825,21589.630775514685,24.818888431247878
320.0,1.0,307574.27823966957,3812.6713901038233,746.7992828769466,17717.52093545837,36.28133823767273
321.0,1.0,307456.3623515739,225614.8243558632,710.4259693301369,18226.068865902456,23.716705868833213
322.0,1.0,307156.07665792987,655628.9404514877,749.1368645235182,19503.722963942055,24.171895277172847
323.0,1.0,310209.1905956285,645432.7481055157,762.8227425169241,20141.015366641517,29.42154464551388
324.0,1.0,309958.75727892976,681781.8875383362,718.2697693210989,18846.103380266708,23.694741941423036
325.0,1.0,311017.7396553512,565679.8499301503,718.7179901797819,19825.67551734934,26.600189206628087
327.0,1.0,312191.0494929996,886135.928774061,770.3824874582855,19499.5098894962,23.829901273195272
328.0,1.0,312260.34291564266,1081870.1799579943,837.7748822498281,19928.703218969004,33.214914316443235
329.0,1.0,313328.73960244126,287162.60969980166,800.056890490512,19206.680633356293,32.946571284131984
330.0,1.0,316035.4516827082,281627.4290535628,781.851594699175,19996.478104753478,25.82280736742933
331.0,1.0,316222.2975614083,470096.24262228055,974.876871768583,25028.41719872842,39.58907768487613
332.0,1.0,315724.79108973034,474977.27703674295,689.7884693021031,21020.275486005594,34.48433626278539
333.0,1.0,316395.0284671413,584467.698863263,849.0140761628581,21162.114961173276,37.93277042349979
334.0,1.0,316620.6129638975,603803.8579627962,844.66683373714,21612.666748020216,22.904205278152805
337.0,1.0,319889.1285682926,534832.9717993735,838.2928802273918,21403.33062237715,35.188486661383266
339.0,1.0,320487.4365508063,1074715.3890309616,763.7349241621858,20415.495181790495,28.199691176333985
343.0,1.0,323354.4751250302,547368.8582296313,900.7734616851185,23148.956538883827,22.890027910742486
345.0,1.0,324456.5249141665,681747.9932722814,791.0713483466561,22099.863337980263,27.3968945955398
352.0,1.0,332702.96627110604,1095329.2325069997,739.765259253325,18715.56619992066,103.64588119472594
353.0,1.0,333771.5807064321,818271.4747129565,810.8236070234142,20832.633712608338,26.008377145018045
354.0,1.0,333678.74660130544,1078903.8525433487,766.2534563894695,19533.82783104812,23.580840299440695
358.0,1.0,336331.3848841126,1091855.4535770966,821.3372293132434,19633.898333791152,111.42925998800244
362.0,1.0,340450.85613594926,815043.229288168,687.3243150434731,18589.02527841246,21.778877270330025
363.0,1.0,340458.41811731184,1212867.607596125,751.8253491140293,18878.24238746526,37.3813083158859
364.0,1.0,341605.5801543738,226582.00423803733,719.1151818868644,18286.228756716853,23.94077703867091
366.0,1.0,342937.17110852693,244769.18092541312,837.3904425400832,18629.685848644414,28.728320107432157
367.0,1.0,342819.938695881,685771.5307638862,727.3572180664522,19452.4047731576,21.08019341484686
368.0,1.0,342305.65227720636,1191040.3100228736,1344.7863525675566,7672.221987252049,120.20423015065364
371.0,1.0,344776.3887364289,216001.35518613827,819.1409311927738,17623.822363555148,38.46996207995156
372.0,1.0,348175.89276310836,124969.53218445051,786.2261347433678,19354.337941380636,30.491665751777568
373.0,1.0,349200.8151632438,134226.08020307354,796.0432670305725,18356.130289663783,28.47534544615334
375.0,1.0,348777.28496190585,1202365.8095811135,836.3425377869426,19559.907366579508,29.984338706180946
376.0,1.0,350241.21497203014,246573.42155289982,1131.0787278250143,14385.27365371707,51.330863703800354
377.0,1.0,349704.8760585868,870430.9416599827,701.7352058229336,20122.593209812232,27.768937358086028
380.0,1.0,350518.4273290022,675741.5332452994,754.9409323866457,19411.068300653056,25.550367451231402
381.0,1.0,350648.94243023446,689480.8061573947,807.6609386678698,20113.264860478674,27.603653162716654
385.0,1.0,353362.73333874857,489574.3073024938,709.8135143051803,22735.023205978672,16.662994410371766
388.0,1.0,354939.31393551663,472919.0176721213,934.0357138710255,30482.581670385087,121.81393160792805
389.0,1.0,354408.9780679501,477214.79532060545,738.9321123022563,19931.38091862784,116.69430085692265
390.0,1.0,354092.2585818605,877153.1423807766,749.5004023609788,19823.084078015174,28.004104704211567
391.0,1.0,356204.2776865202,16180.891742704805,968.5419032152714,22099.412139767628,36.43588484948941
395.0,1.0,361581.9982644453,6917.020168733903,651.1402464274205,15275.009765799203,19.908444165540118
398.0,1.0,362672.390859434,868659.7756937206,729.0275047958879,21124.021060673836,21.762907379082556
401.0,1.0,366009.13239520387,665271.470760792,652.6937927259428,16490.031582544656,131.35138447896298
403.0,1.0,367096.31995033374,661450.8009056553,682.4701089807131,17232.861666552802,142.89771652073892
404.0,1.0,367424.979080532,1147221.371495982,822.6032965852654,19793.06975248592,42.047991768816324
411.0,1.0,375794.72954465204,164762.40772895282,768.4029235428923,20230.25184222887,26.10039510846494
412.0,1.0,376704.09981894214,660011.2658342579,738.5723343066479,21445.972140451555,24.84899030583422
413.0,1.0,377729.0692217682,173627.00999628287,773.2715976795486,20828.88030180758,40.299871709063794
417.0,1.0,381385.9050625663,1145387.6662654819,750.0195092969012,19979.110344901168,25.276328227572236
427.0,1.0,390872.53790297784,958161.915357696,710.8768141531164,19927.127061801944,26.772623613467083
428.0,1.0,392154.07739806647,943515.7185464266,806.0410767901393,21602.295656686467,33.17044853232159
430.0,1.0,395520.92238373763,111228.6247642741,785.1165091110631,19653.439027361874,29.73145387362189
431.0,1.0,396515.2881292603,500044.9640445906,706.0175476442037,20190.682415643783,23.678642765929713
435.0,1.0,401487.160192042,207022.50751315654,748.9929082806751,20057.722447651253,24.74192907701095
439.0,1.0,403852.4077799412,107065.82804924143,766.8919285190483,18557.9544208788,32.23813866500028
440.0,1.0,403651.44076157943,217859.92500143583,771.1015439023472,19267.846287387074,23.5503472157215
443.0,1.0,406708.3557684197,909239.1797990175,860.5013218033131,21848.659900419352,36.95902795125146
447.0,1.0,408072.8181005966,506072.4177580879,848.4043147545011,21133.21798322448,23.5791841376479
448.0,1.0,409120.9899956848,519821.7621259172,717.5611801611398,19422.677103342947,24.100756874211456
449.0,1.0,409801.0293782624,923255.3784602096,685.8851695467972,18184.32240237891,151.30785384836
450.0,1.0,410674.4511602966,247107.927372938,741.1827259978937,18919.0137094445,22.66229213879263
451.0,1.0,410253.94115482003,643315.7239654423,874.549580518517,24129.77610639553,26.37073943978426
452.0,1.0,411917.3373770748,920942.3150780476,674.5210228565791,19037.604642826955,130.37575376149383
453.0,1.0,413240.5097493215,359090.5087189739,705.7111112646893,19460.4132945047,22.661943572879938
455.0,1.0,416005.78104862815,93620.81965750792,955.5318199305405,21807.36291519275,28.646748528319513
456.0,1.0,415619.22044427425,240942.22222942425,728.1184857727031,19397.045683316108,21.682756246556483
460.0,1.0,418343.764029818,728390.7232287378,716.2588899479492,18291.558333872523,23.385813580195443
464.0,1.0,419864.84506476036,585771.8239872089,768.2086982850515,20674.388199962865,27.30497163828637
466.0,1.0,422911.71538216353,356114.99182844453,898.0407659242368,21821.583610161062,25.0564029027743
467.0,1.0,422348.897004584,648452.33661118,705.8106225055033,19314.568584593173,22.02573065046606
471.0,1.0,426044.8081068123,86308.89421797395,742.4401420019876,20438.924908235873,21.149794828675507
472.0,1.0,425961.9089296788,343227.642571852,742.7272909033734,21277.28787003403,22.58061011130942
473.0,1.0,426116.6825134442,591070.6334798189,733.7747916469407,21204.96525597786,33.83712544497008
475.0,1.0,427681.68003925885,1168788.1734126313,933.2272428903798,23262.970769662446,25.901630594826653
476.0,1.0,428338.8520106654,722346.2132187469,677.6123377904313,18054.788191551528,24.598140688526343
478.0,1.0,430825.4314210829,592693.7680380386,712.0774066123151,18994.12658578854,54.94355414964762
481.0,1.0,433907.37387247325,1092528.5622163871,869.3552179983631,20961.305173046734,36.326841384447306
485.0,1.0,439799.68239716673,600849.8783469724,724.8323350559507,19940.13136094298,26.017625703745985
488.0,1.0,440817.80075671826,1173760.002870694,873.6145310429291,21828.42128188639,32.78062646069241
492.0,1.0,443462.9982494521,1101176.6321193497,707.7766481648046,18642.7617170028,28.55182979913101
502.0,1.0,454586.68999651837,1019120.2355577992,789.8762832364522,21767.62953583958,24.69747970019
504.0,1.0,457751.6875096335,551495.1446554123,668.7860585373809,20360.998524037383,21.026323950090205
506.0,1.0,457085.8787121686,1027731.2780847618,903.0069749948775,22240.242417131052,23.50124962700966
507.0,1.0,457652.85811369965,1044187.1190733119,723.7362608342358,19198.945232661375,29.367566439476484
508.0,1.0,460390.6549896769,543429.8006319457,752.9083005849519,23598.105791096328,20.3414166031368
511.0,1.0,462318.80797555135,1050091.8520898698,766.2236377086334,19737.601496512158,28.466174244185066
514.0,1.0,467507.6370356252,204095.05455831919,861.4182460479523,22519.811955106292,19.18453923297705
518.0,1.0,472779.92167835974,898818.1076983002,1798.2909917632196,39386.73200037592,531.1005524312143
519.0,1.0,473858.9229240051,30392.81304622821,1625.0036326061906,29907.272185848215,519.1783999274264
520.0,1.0,473035.89830037684,617161.8120693086,683.3753430039867,17620.019383516705,21.271324976630382
521.0,1.0,472968.222719079,880655.225842514,712.3862255948902,20992.781568947416,24.21463526113716
524.0,1.0,475476.46143235674,868208.2667012506,772.6338591138508,21074.11580694704,25.084074793163023
526.0,1.0,475242.6704880215,30230.27886820749,1680.3867259312183,29836.90270067942,553.9186371946488
527.0,1.0,476604.65615108836,212860.06407899276,764.7739307035494,20352.33287120208,29.13806814494233
528.0,1.0,476432.05347366893,624172.088729009,673.26202250395,17876.738351420358,25.214765143481742
529.0,1.0,476352.94964617124,889380.9980939006,662.8565175226441,21490.23176133306,16.44054561891811
531.0,1.0,477678.35294496943,223394.63816551038,711.163351012214,19058.286414713326,23.34598986423675
537.0,1.0,486191.40558123664,1112813.8594728576,735.0769654447636,17992.690851025945,144.83485335845026
538.0,1.0,489581.46093137196,1110532.8614841318,724.9121337028978,18288.67739171721,142.19867591098912
542.0,1.0,493715.199599691,554100.7961252666,811.9931855003321,20757.56345711661,30.494428180909807
545.0,1.0,496434.75783692795,566993.6263691412,723.4409064982386,18832.87114032795,21.596857974003676
550.0,1.0,500667.4376451161,575957.0747928733,718.5541593808808,20165.639110267057,24.566277043058776
559.0,1.0,511428.4837137887,120082.62927610411,1865.69482738027,40574.8523765107,454.3027246201897
564.0,1.0,515696.86745440686,105328.92374420512,937.2123323592666,21278.855102858743,108.11546898116073
570.0,1.0,519754.1476625313,108880.36562852342,894.9954404524424,25723.225025853393,118.29169281012683
574.0,1.0,525063.7024588239,274383.6735187118,911.6111957570922,21489.722117143316,20.53577753050547
576.0,1.0,526702.953644596,260029.66142380523,704.115521071947,20109.71486102491,22.240156545061858
578.0,1.0,528161.532925094,518201.9555062317,787.975739986948,21204.334518506843,26.97868304528907
580.0,1.0,531658.3379860613,114540.0808893195,778.1830358597144,18733.69522906523,25.737285833680843
582.0,1.0,531556.5137180409,416639.7166471426,676.3489520743068,19863.648955486547,22.596434115017022
586.0,1.0,538052.5495497634,261940.46700643492,1031.8563306211722,17170.311928532094,33.773382428544444
588.0,1.0,538951.6690508433,514448.63294924743,866.2046870867016,22717.313156125245,17.02080974725433
589.0,1.0,539719.3349296418,268814.49466364365,720.0832214907591,21418.925547020306,25.56742212067666
590.0,1.0,540074.8981317285,1058299.6078578765,846.03938798925,22396.817421377822,23.87751601009399
592.0,1.0,540822.7152612986,1064112.602831615,1381.1620393543544,16822.19860532139,53.5880551817913
595.0,1.0,544114.9614826977,419598.4527784477,899.4755887988458,18893.507461887195,45.82505686614353
597.0,1.0,548223.0418626316,1052028.0640846365,1131.8949835304986,14653.6026161117,46.34302742046597
599.0,1.0,551469.6092821864,509659.618262368,718.8879393560474,20305.129411629525,19.29257207612614
600.0,1.0,551426.8166833754,1150955.9808474956,735.126668286866,20715.9415430927,31.973869269226412
601.0,1.0,552039.0533378841,274705.60847555177,773.3812906187815,19877.7574366353,31.544286335325907
603.0,1.0,556349.8002421013,1155519.4221998386,847.5286050058257,21158.83994484109,38.43764951705453
605.0,1.0,559474.2003344937,520919.48558564694,661.8446915616973,19668.41379808124,22.653088422493454
607.0,1.0,564395.6394980432,607561.2322904321,692.0898631788364,19677.90671206999,21.356324455821657
608.0,1.0,564242.5299087381,976442.0282172642,700.0794139676971,20850.146736109622,20.253294935511455
609.0,1.0,565728.698120057,852478.9000639087,744.282293330646,22000.111442674002,19.215549098826465
610.0,1.0,567269.3327143639,862137.673207557,2194.1717386405844,14700.939396459198,130.85478237163488
611.0,1.0,567931.4110693074,533176.1783876605,697.9340815342674,23810.51007903612,17.711213028338946
612.0,1.0,568258.9860406662,540376.3597639323,869.1367212072369,22358.531605121367,29.36958404322527
616.0,1.0,573360.480674112,197853.79865792237,725.376287269505,19779.76649792356,130.81120341339522
617.0,1.0,574202.0041148633,617405.4051610826,895.9746942185324,22495.91652198314,25.288506281054843
619.0,1.0,573563.1097561253,968526.250585999,671.0162072933846,19133.72058288237,22.84174441054996
622.0,1.0,576601.8387018467,196252.52670943522,723.9051845116178,17724.084606753186,160.12943521779738
627.0,1.0,581562.7356060061,957493.6654297233,874.7764892824154,21449.91987436996,36.3224291150159
631.0,1.0,586060.8750780565,1168734.3262559355,966.1892824727137,24500.41851506186,35.26619430087265
633.0,1.0,592445.8879655217,45320.8412014927,686.449434420793,18573.095378961167,21.83259507993914
635.0,1.0,592812.3424326812,1179717.7103719714,775.305017069112,20086.802754429744,25.942428467685442
640.0,1.0,604080.4875150839,47022.039887237544,703.6972773526957,19007.48301268989,26.893835653801407
649.0,1.0,615620.2904642222,630608.4380388255,797.7535331704888,21989.342520633323,30.193837072596555
656.0,1.0,624847.4881779692,632606.8606145458,790.3400771832022,21801.48976190339,31.357393647611207
657.0,1.0,626230.0237464752,860880.1773725721,691.2316278941917,20592.213116216426,22.717524986234164
661.0,1.0,630145.6462010908,1115084.2204719684,739.2184124708257,20920.850763680348,18.236650405066655
662.0,1.0,631300.2819910846,614899.0178237461,714.896104557353,19872.436645339905,25.01176384411535
663.0,1.0,631549.8819879075,667506.5613188015,722.1740389617966,21340.050505099793,20.658274518998766
664.0,1.0,632287.0956576293,1123185.220855735,728.64217844441,20397.193054205494,27.60279181063938
666.0,1.0,634683.1140424252,464955.28968036576,682.2420717560952,20306.559301734116,18.517895658047966
667.0,1.0,635877.7114809849,626886.9105898892,706.1556373829587,22135.666559265883,19.049901634559696
669.0,1.0,637090.0451890879,860855.8657076034,687.9599941944779,19918.64691981061,20.89233711440698
670.0,1.0,638577.3776418314,473992.7167792131,704.6625418346334,21770.83368298709,20.565921689780797
671.0,1.0,638210.064161832,674919.7429800379,2049.3568272464936,17008.603756682707,99.15596766006355
673.0,1.0,643703.8552610882,869712.6425337516,817.6949145500256,20164.161355062315,28.485544824984917
680.0,1.0,651915.7376874487,800196.4946754037,723.7142257292062,20381.81690554572,25.47391504727981
681.0,1.0,651976.5238732813,1144988.5844491178,804.5523623528632,23047.873117728835,29.681824042858928
682.0,1.0,655683.1199564177,296569.25998592965,711.7142190098748,22308.36728487321,26.416212471739275
684.0,1.0,658842.0417739004,1062270.9841100906,768.1659576757831,20655.287915116773,21.45194483121018
686.0,1.0,660232.2374033675,1143085.1407455557,762.1837221156358,20241.456037617245,147.4833356439661
688.0,1.0,661029.6730993831,1139655.632248215,809.8521712487609,21959.55358731724,162.78949836501857
689.0,1.0,662756.3262733856,533398.0199041998,674.2589238958801,21867.38799660801,116.27010727739875
690.0,1.0,664706.0599896377,678082.8079446055,699.5629885809616,20007.33344410415,21.787218988250892
691.0,1.0,665346.6456758177,796619.8643004367,708.3648307903445,21630.03097080153,19.393880376783727
692.0,1.0,666496.3460975814,537069.8481993165,726.7029802045174,21250.285976898624,137.36963778788396
693.0,1.0,669475.6089232728,296054.13831095863,725.89308350456,20587.03100613514,31.7484232721226
695.0,1.0,669493.3062688971,544690.1945708405,756.5355690814105,21664.28676691813,23.4488307217371
697.0,1.0,669870.4379541384,1068771.3623946575,716.7273019366514,19957.244782196918,155.26257628621266
699.0,1.0,670346.851353031,1070264.4757359654,1914.9556155775476,35792.56180168138,703.654226228035
701.0,1.0,672071.9977927192,774497.9224610465,694.1038083220527,21861.856351438568,22.884976537389306
704.0,1.0,672875.7737068684,686245.770884265,679.489686293391,20905.886181896254,23.119644395134607
705.0,1.0,673497.6175786905,787148.0903079422,678.1002584801287,21556.673354061473,17.768220205536004
709.0,1.0,681025.3873277007,694727.3658896888,832.3970221635528,21716.665238364625,28.275155149035783
713.0,1.0,684147.0807641827,959466.5713166737,709.5376411774316,20342.06923775068,18.983349045905335
714.0,1.0,684645.0110794933,846210.5086492725,855.988466613197,21052.78638229524,37.95584113824741
716.0,1.0,687518.7229703192,197598.26532901672,729.4961663117289,20811.230783539137,25.809500210626254
717.0,1.0,687719.3052868806,953469.7486249673,704.8085245171111,19590.27900073677,21.92366141017275
719.0,1.0,690059.0429707585,576505.4003064033,829.8112686825147,23925.452537336274,23.864163047816653
720.0,1.0,691009.7626349122,191942.00447308278,680.9685383645218,20340.057160128228,23.907575809997553
721.0,1.0,692236.5447068027,850045.7843906287,770.9757402797454,21444.405477960812,25.023372124464228
722.0,1.0,693360.3059993264,276389.7755605088,767.8456589665847,23895.04197491187,25.412973543812797
725.0,1.0,694533.2954101203,567591.3495274748,718.2165300170757,22200.40059585128,20.37477620611996
727.0,1.0,699561.066476358,1202682.8653257538,906.9422532043712,23352.99602566605,22.95935833604092
730.0,1.0,704104.3903624392,886306.80614191,800.4369727984046,22153.985201499996,27.480819946124257
732.0,1.0,707167.3244761919,276156.0079375326,691.169652564828,20729.121161534604,22.482717276607655
735.0,1.0,709183.4309650912,951857.4426314909,792.3688568915318,21161.595587727992,92.17579159743698
736.0,1.0,709483.5305171667,1200866.948916159,668.9115512785787,13356.174824570666,24.05299757898811
738.0,1.0,711062.9744081937,745221.8319762866,1143.7557967138089,16888.733105151812,51.53322776713234
739.0,1.0,710754.7357457877,877298.6197069815,658.7595077437829,19769.11852881643,22.095931870950935
742.0,1.0,713892.1903260852,953992.8059454703,819.2192891130359,22984.372191311435,26.81956176626484
745.0,1.0,717226.8070516828,1110410.3274607663,788.8211667418268,20779.968728743326,22.61509127703317
748.0,1.0,721292.4883233646,112050.43726926843,640.6218929863089,18448.644409441127,120.97830423682242
751.0,1.0,722520.7807585972,938176.7773647328,679.7114377742334,21053.20130208658,22.876906333128343
753.0,1.0,725064.7801884136,113045.641848062,695.8882743654739,18767.024349564632,163.54676463869052
754.0,1.0,724752.1074390042,742677.2187556713,682.5475076030302,21652.392169995386,23.745057107901555
757.0,1.0,730491.3581583881,49401.59083175418,752.5902065402919,19742.361449039177,36.732610538886874
758.0,1.0,732258.7564756322,60917.28860998254,904.6107760607333,21184.451559834728,26.244020809191646
760.0,1.0,732383.2498160457,945038.6111382105,786.7179576922173,21942.95301206461,18.297497544317807
761.0,1.0,731507.4606659887,1112423.7553162926,826.1810294074344,22450.324569144388,30.050312295909876
762.0,1.0,733481.3222087135,1194269.486746504,936.5392643720688,23868.9444378711,31.37664984744883
763.0,1.0,734305.7127991567,294925.0327336971,715.5291002469277,21368.793315595572,23.277633364296374
766.0,1.0,736563.2031063852,1070241.5392549762,707.8525239735586,21124.942887507317,24.062900817620754
770.0,1.0,741104.0408813122,515409.28341693233,661.4896561498731,20602.025648279192,105.07127021033695
771.0,1.0,741950.9850189994,1198997.948191109,949.1628899354744,23334.82291050415,33.66148119004777
772.0,1.0,745211.2053789928,514119.57592183235,686.6958165601371,19847.973527966198,149.98146699146287
774.0,1.0,745806.2498913201,39542.186393010255,693.9128555293617,19254.605650830243,26.46569850286421
776.0,1.0,746113.7671021074,1208839.960654913,1032.8144673985305,16254.22547775121,64.05290112754227
777.0,1.0,747352.7610160806,301821.44743221474,694.7361142904068,20153.373936867814,19.974150141132633
779.0,1.0,749482.328247158,610463.3654575697,669.3100903535338,21856.89424835477,19.495559004524765
780.0,1.0,748977.8810779252,1072318.8672618873,912.621425095235,22963.484545220934,26.894085893268016
786.0,1.0,757596.0370100824,662261.2995811056,707.280495820807,21319.413905865676,21.283728811277864
787.0,1.0,757590.9360757417,698543.2312078881,690.1869567597025,22481.500162055436,21.390633935879155
788.0,1.0,758982.4558980593,40771.168299236815,793.5035566874609,20252.374027442558,32.71973355353025
791.0,1.0,761702.6938450088,612709.2619692424,842.6859823443054,22500.592856738796,25.107863789481325
795.0,1.0,764525.8108136654,1121525.3156169415,781.6690098751052,19810.279622954666,29.346053811570687
800.0,1.0,768486.743610888,672243.1234752208,695.0346927789466,20635.702433013834,21.155128656553714
804.0,1.0,771482.3214724467,703509.9637158898,737.7974341468474,21599.511945978633,22.506553346396903
805.0,1.0,771441.899187688,1116596.2624556166,771.5667980017315,20242.593299483506,28.409651741575928
806.0,1.0,773221.9806053083,692619.3915154545,814.2407018929579,23186.135349412158,19.646342207539362
807.0,1.0,773196.9795258931,883701.9876642838,805.3182116074321,21242.145447333623,52.78183398424258
811.0,1.0,775830.838656212,879707.4508527957,692.7438600581283,19524.33830592132,95.33701877443588
814.0,1.0,782649.277329404,1125200.5403694136,888.086412529543,20519.028155632626,27.62480447413117
816.0,1.0,785985.8672316081,507049.8811573999,690.9099819536962,21118.11074964956,20.703880032156547
817.0,1.0,787548.3856174761,8814.16379160761,803.1143449590589,19864.701622778895,30.16980744727881
823.0,1.0,790107.9812274328,988876.7938562086,811.863467183697,22195.68833607082,40.88445206915102
825.0,1.0,792591.6239909001,505649.73881702777,703.278077861921,20444.315675750222,24.888326956137306
828.0,1.0,799842.9784141228,14569.206422756735,700.9294397918997,20187.54631488042,30.815380322311334
830.0,1.0,799364.239663815,792936.7305060038,722.7531611837837,21091.978963118738,23.304495123321697
831.0,1.0,799420.0618670154,801693.3335003131,872.3458348671037,22762.401559634458,30.36896875049515
832.0,1.0,799924.3975981876,916095.114263364,680.937236084283,21110.953810997955,20.69199006675854
833.0,1.0,801032.6259723058,280015.5974310657,674.3534189945218,21961.31803756948,19.701071555035163
836.0,1.0,803692.9369988964,228212.30953808865,796.2257119838458,21029.609401347836,23.129449557540337
837.0,1.0,803390.9013663387,290701.8272392991,685.1169951069832,22306.810222143293,19.35342835405973
839.0,1.0,804730.0781411818,990324.2585819691,1215.6401268712127,18509.914377352652,472.8876350014459
842.0,1.0,807121.5730310107,912167.5960887613,1534.7929710149474,17290.433282743,54.27739943090956
843.0,1.0,806671.6186653218,987261.6079102074,699.8351884572352,20300.47501897336,75.57759349317632
844.0,1.0,814216.2052761063,238423.87370524052,718.6604618310226,19843.148976117132,18.558358050273608
847.0,1.0,817226.1169602883,623441.8570790205,796.2879335106957,21988.221335611557,26.427356128874067
848.0,1.0,817514.6873657333,683595.4740518916,683.4434703083632,20593.30287290758,21.280719004536078
849.0,1.0,822333.409877856,1123957.2896516146,1293.419586490478,13466.808343013572,76.93852103918772
851.0,1.0,823573.2585365516,630204.7127407774,725.1265898675009,21525.405946717714,18.904252151964247
852.0,1.0,823912.7729320365,225082.38029233506,881.1112022717731,23505.636374434063,21.414705089148562
854.0,1.0,826167.5327947302,950150.0974349139,838.015615571883,22896.03324965558,24.298928274811413
855.0,1.0,825103.2094935107,1111315.500623408,890.6713547678218,24200.08164187207,20.93030819493664
859.0,1.0,830319.3545981152,341148.6173960345,698.5061780474457,21081.475483113976,20.0857198254485
860.0,1.0,831418.7711871606,683279.9200999369,710.6566939708806,21530.104244186678,21.682515545535672
861.0,1.0,834050.1156971192,230094.4272238847,710.7752074249657,22773.600356209332,20.60349241678639
863.0,1.0,836457.9462681502,345360.77153572405,762.5020782472919,21434.444405164264,21.87457130397712
865.0,1.0,837237.6055915941,534661.9021173207,700.2045899726652,23152.408742985193,21.764037591859726
867.0,1.0,838452.417085153,549421.2587701915,673.9208004438922,21656.199194491583,23.00785501196453
868.0,1.0,838568.2639518377,955653.3700265973,687.0567121732782,20582.845453193346,22.121380055841666
873.0,1.0,846316.5488077523,191584.76830914372,738.872517092054,19796.163003713616,34.85421043903213
879.0,1.0,854315.8928563861,192945.62337940378,802.6779274571163,20888.27906070998,27.93991093647834
887.0,1.0,861291.1760772453,363626.5361719129,797.2901655371468,23594.780051451617,27.832812597250534
889.0,1.0,862815.7207920467,1116086.9841127947,845.0498297236109,21415.420789836717,33.394713091282924
891.0,1.0,865688.3854111346,363199.4208756092,726.7524462788931,21337.099359783988,90.95892510417636
893.0,1.0,865472.9917237774,1109424.8315716018,683.7234353658462,19837.596244631128,22.98881269492781
896.0,1.0,871482.2691078031,368788.19665228255,675.7466304528887,22398.772679306174,19.717936935250172
909.0,1.0,886461.9702451502,495357.06211524823,2459.195253027533,24734.80403186802,140.82157701544102
913.0,1.0,891809.9490457266,112857.2454716479,822.4432183080386,21411.70842544352,23.353415876645794
914.0,1.0,891721.9288654181,489173.44051825866,802.9207561158281,31219.177658005032,39.07032715441526
915.0,1.0,891246.8806240702,497828.8900770072,621.3622440498266,21230.66465009067,16.930285086801543
917.0,1.0,895212.0980436018,121400.96523513737,732.5883757398095,21065.719949674352,20.608091910525996
918.0,1.0,895915.2051701582,284931.22101042734,728.2831366809861,21635.884235741112,23.012287662100846
922.0,1.0,900254.8264183354,671360.7724149165,781.1967576711368,22772.33421927576,29.115075697930767
925.0,1.0,903133.3433468508,623514.5787555006,709.5032175244166,21592.05464155592,19.582459184299513
926.0,1.0,904417.7404694369,612817.4198359699,814.1707787757788,23888.909665987885,21.665791174835288
927.0,1.0,904298.0352482926,683899.67645578,667.3959108916168,19699.946978816562,20.047954806596607
928.0,1.0,905850.911310862,279585.1248732719,732.2947947110657,20570.888063490325,22.68680345203652
930.0,1.0,910244.5452269212,267617.93929792685,1752.6001052911754,16667.424436137913,70.52788219719001
931.0,1.0,911725.1640699827,1068601.6412253361,781.4793410863688,23397.78026763306,24.94289260205069
937.0,1.0,915943.7733854437,1052211.3751096083,671.561686666196,21400.527404328455,18.114191754239485
938.0,1.0,916829.8135975791,930583.5625986984,781.9278975705964,20999.564145898676,34.812163396349085
939.0,1.0,916670.0471017343,1066864.535765124,804.1326387935253,22288.41790909586,31.453017930549485
941.0,1.0,919399.0735619972,586217.1825810389,679.3850179552886,20920.298889932164,24.663727474109333
945.0,1.0,922379.7855630867,933053.1965247361,916.9620235355059,22865.022203925397,26.71845838836479
947.0,1.0,924075.6513259669,895264.9770651053,1084.019318129171,31534.100276341193,152.46138282516364
951.0,1.0,925004.5488925582,588097.927230452,773.1634359851613,22129.744255127778,28.721320871671075
952.0,1.0,925709.4831114529,889404.1082691359,846.9992379377774,22208.83128930376,23.10510624642248
954.0,1.0,929850.8228987422,578577.8570759866,654.7740704499402,19582.4729628966,31.06964329703042
956.0,1.0,930640.0272770219,57084.85739790517,848.8381669851605,21049.467928642804,36.82704841811125
958.0,1.0,934720.4451598254,356752.53853001154,658.185160929239,20187.37613276222,20.011192780958627
959.0,1.0,934786.4976316186,576148.793587887,659.1427033492149,20498.92446047018,28.748274256570788
960.0,1.0,937579.3402809512,48505.60307875015,826.3446082058915,21840.670320260528,30.412049992035495
963.0,1.0,941749.0712242725,1195207.2552264805,692.9156583865241,20338.993489785687,21.97867583012858
965.0,1.0,942898.8993071227,1183251.5314585362,701.2467282722012,20226.651702204712,26.016603953024138
966.0,1.0,945441.3471827883,389684.751765826,714.5911353219409,22005.78822947409,21.12305350981136
969.0,1.0,948306.6979855126,351174.7159352808,1815.175053911184,17480.507926747483,72.53707323806154
970.0,1.0,947720.7645240745,402416.06877801137,709.7622135425798,21826.429158771803,19.296406977001535
971.0,1.0,947417.5309765073,627549.8995907068,656.3876667276684,20026.193033701325,20.60630297839501
977.0,1.0,953886.7733685327,632752.4055432297,834.6491585526406,24507.270856885694,24.857167043080587
983.0,1.0,957589.9803790089,507924.73578748823,763.6971471608812,23075.69179446689,25.739480376739696
985.0,1.0,963902.7419343967,913199.3920820801,740.1011508650543,24899.916446211177,115.42263512114782
986.0,1.0,964865.3116221672,492999.0688198567,712.5746207010857,21043.132676403126,28.589727677696988
990.0,1.0,969387.013477413,505337.6909255128,843.0382217264768,23026.81804158123,28.30765829411756
994.0,1.0,972265.5184968765,918347.6992522485,655.4984437712973,19306.973123701242,23.190884612620295
996.0,1.0,973501.4736278831,984404.302909949,1077.1736451147958,18781.82411754264,37.3900043684376
997.0,1.0,975625.9124643191,227282.31336214195,678.04403136416,21443.83907960197,20.033779031333633
998.0,1.0,977252.3099885313,920262.6494768445,956.1291161459832,16896.746933164206,91.5370896676333
1001.0,1.0,979052.3914722595,405950.5611358627,680.9803905383071,21177.066303475625,22.30432586485681
1002.0,1.0,979623.6955452274,994963.1771126083,854.5034213857612,21657.554719687192,20.080409910917506
1003.0,1.0,982081.4352296732,414448.292576431,797.464835070739,24420.946022820066,21.604404339476044
1004.0,1.0,982685.7635209097,218955.21667173842,715.6349070480535,20992.42685552055,25.797860439694617
1005.0,1.0,982568.9352001558,593307.4526360543,706.7238121201617,20402.567865665245,23.73063594187337
1011.0,1.0,989042.9872739335,1001722.1313873247,841.1564633125221,22416.93796342436,32.509241403184895
1012.0,1.0,988470.9349698917,1135500.4904397093,735.197947264014,20156.36509101621,26.681895858203685
1013.0,1.0,990728.3017797642,1116116.0787710515,738.655080246231,17112.87624445499,198.76552459003358
1014.0,1.0,993387.8387854961,587498.854565351,698.4319749373101,21854.02469874169,20.58305583382628
1015.0,1.0,993633.7570502792,1128556.6836975971,877.5623775695306,22374.48365367954,28.632561392889876
1016.0,1.0,994308.0595704647,1115303.3849061131,684.5127533627805,19771.186035702427,107.05597915500881
1026.0,1.0,1003536.9190401675,480982.8736801173,700.8483413282886,21444.675509400095,24.693041203890772
1029.0,1.0,1006567.3640571838,707701.2721749728,834.147544917998,23090.920755414394,26.15497748750537
1032.0,1.0,1013302.4642823186,471648.37536943686,679.5320146758182,20732.637462908264,20.66672730783335
1033.0,1.0,1013435.0701471954,715398.4152880672,704.5766866381782,23752.863175914244,17.876044064231884
1037.0,1.0,1015527.7349000075,789345.9313261337,672.6047760874529,20641.384706235076,20.79092777601479
1041.0,1.0,1021355.073713267,827975.9333673719,669.7180496864071,20354.203067053655,21.391223636698165
1047.0,1.0,1024411.1078257466,790756.6772880537,749.5725600496908,20366.487673343112,27.9469583235116
1048.0,1.0,1024958.9835029088,839616.0251669945,686.2031859952635,20536.234864424514,23.477161286974304
1051.0,1.0,1028316.5705615368,817480.8055099573,666.9042623507619,20984.64318031699,20.215170505015386
1052.0,1.0,1028360.3393233914,984606.6683742452,947.8149928054034,31683.177591711534,78.4880350427208
1056.0,1.0,1031552.5613497007,805457.3753571105,778.9598574250928,23741.063140394166,22.103460778750947
1061.0,1.0,1035328.7188240449,844397.988690142,691.68706300793,19481.21958941362,25.015576379775254
1062.0,1.0,1036404.593217792,990888.7641315693,703.7107378223268,21363.44057408635,22.653183985154886
1064.0,1.0,1038553.3281055785,1058934.0481063477,762.4824153031839,21272.21866132394,48.41244123121456
1065.0,1.0,1040495.9939830734,1054254.232954551,734.041685358571,21222.112154942377,40.74231278866342
1067.0,1.0,1042195.4848258562,535427.3479458061,815.9961299242941,24018.304491508992,35.0458711127731
1073.0,1.0,1050943.0096267608,525915.1754341685,739.7202614962197,22155.326539387715,20.125377280898523
1075.0,1.0,1051949.6529750132,394764.932713341,676.7762077224113,23283.779093035402,17.660074753134086
1081.0,1.0,1056654.6982236293,49962.41149201565,694.7553873076041,18235.626825215033,23.128885945087937
1082.0,1.0,1058594.674431473,405879.7673708453,742.1228022438817,22040.39292754949,22.187802459530467
1086.0,1.0,1062891.4707086815,557387.9545169588,748.3995513694863,23468.309663495726,22.557298836275233
1087.0,1.0,1063644.3808092144,54424.58787605487,692.7123617536319,19486.413063555352,25.56701230144953
1089.0,1.0,1064996.9628116095,42594.7691837181,719.088046171948,19929.534360906302,22.58094449522248
1091.0,1.0,1065116.9184468915,920736.5466994485,728.7125580869014,20620.923493622886,19.60181169808298
1092.0,1.0,1068435.3786116021,209545.1832656723,704.2776295439185,22481.801812342208,20.76525147161867
1093.0,1.0,1068346.4068802772,545781.257439195,831.9133459450932,18606.807361505427,37.1680617351992
1096.0,1.0,1069873.0119134693,468734.3035987431,853.7235204192419,24585.05178512329,22.287501346234684
1097.0,1.0,1071291.6986189233,925392.0677653695,731.4820004980409,21033.811224534806,25.954963652898098
1101.0,1.0,1075982.7815255595,456704.23293048627,797.9115710672348,21114.701636228572,30.4768353919312
1103.0,1.0,1077658.8297888208,596341.0177972586,938.8620745334955,17056.718860786223,41.25959225332845
1106.0,1.0,1081649.3576597164,204517.6531643516,703.7060217243549,20203.12753317661,20.394201948375873
1107.0,1.0,1080864.0836664538,602001.7544497752,676.6199099049797,20740.087659281548,23.233824988872282
1109.0,1.0,1082236.8451913982,464309.25781937625,681.5573220511535,22491.26320406196,20.29856983981533
1112.0,1.0,1085164.699486533,122525.45597926294,782.434376144288,22845.86546683876,24.948497389024034
1115.0,1.0,1087054.4663611446,192756.93355627367,800.8725084159241,16741.619254955283,38.9472813660574
1116.0,1.0,1088481.2172830522,882516.5024050307,841.5823247394029,22577.833599621714,25.563584408713005
1122.0,1.0,1091797.2062828878,116982.53819693699,720.8823761011288,19306.526154060568,23.956368515814656
1125.0,1.0,1097065.7754474867,764815.211350651,709.9837497047121,20916.89792998272,23.962663058518917
1126.0,1.0,1099087.9317764381,883972.827862677,776.6899623059372,21966.050035183063,19.61494410166738
1131.0,1.0,1100846.4460879143,892047.9906537249,750.1381679140322,22122.066817707404,25.597360447609546
1132.0,1.0,1101962.7194858107,766029.2020110462,690.4494581020036,21194.178934228967,26.348807776812823
1139.0,1.0,1122159.6984379345,318786.4146698423,720.4138367273611,23400.38957688569,26.298518268090834
1140.0,1.0,1122178.0687696256,325760.8230706539,667.6097074053364,21382.32139335114,22.302152618019203
1142.0,1.0,1125725.5225784213,283689.13844469,680.8232700477075,22324.616784065107,17.598608465494735
1143.0,1.0,1123916.0136447244,505081.00591451244,1032.8254288233013,28831.095513656906,256.88037912291543
1144.0,1.0,1124334.5864297634,506216.40368752147,2001.9514959638125,46452.00687876244,583.951524215779
1148.0,1.0,1126567.838406415,955209.8552233094,802.1288440967678,23468.96258629513,30.753597120676584
1150.0,1.0,1131509.596573777,946057.3330309371,705.532659844549,22054.71830687986,23.720974279855007
1151.0,1.0,1132295.3433894762,1096064.3462358469,880.3807830098623,23707.613154807437,27.151651507915727
1152.0,1.0,1133829.6026709,1104591.4012582859,714.6922420506565,20807.837969691795,31.3548057860874
1154.0,1.0,1134761.5329063856,291928.4011506939,805.4256869712706,23843.4918479263,37.47198485917699
1155.0,1.0,1134933.3941879715,656584.4748777605,687.987789386292,21741.7257863096,26.96317574041017
1157.0,1.0,1136466.4237839784,280631.22732861486,703.4258308797604,21478.111076266472,20.90854829658847
1158.0,1.0,1136393.1564932303,566132.2100854946,738.8500140101658,24852.27375222115,21.13329485110637
1163.0,1.0,1140023.1470249393,576805.0503555617,822.2210810116549,24320.078349265717,24.242070316648853
1164.0,1.0,1140233.147973863,658082.164535016,707.7659424338024,21496.939883458203,27.474133085303674
1167.0,1.0,1140894.8533973838,186077.74405864193,673.5803401850154,19671.855780495738,24.527405756869246
1169.0,1.0,1142862.389566997,176302.46860278337,733.1919199398179,21396.743441230534,30.813233381134694
1176.0,1.0,1147973.0391011937,34010.13009876439,2049.8789050611763,15531.170011226088,109.33674732258324
1181.0,1.0,1152684.0195253373,622785.5566732583,680.8785705765331,22041.57485620649,18.85671036258115
1182.0,1.0,1152779.4751379478,1053891.0296882587,782.3363649145501,21550.710871759697,26.952168604971646
1185.0,1.0,1155925.162409657,636287.555228153,796.7501180977182,22563.441545780002,26.882475587732582
1188.0,1.0,1158911.39610744,1060106.145430701,738.2511712891112,21015.824761261618,24.171288988806012
1189.0,1.0,1160160.3795411664,27342.5343157912,786.4142459858414,19792.892823119804,25.440763223731135
1190.0,1.0,1160061.9200551976,611894.4550108648,831.501062232112,22749.175000163785,47.661329168140036
1191.0,1.0,1162261.496102155,607747.2647272262,666.3761894533409,20269.115809590403,77.47686994750893
1194.0,1.0,1164273.5626522284,14485.719636748046,720.6079841051425,20681.8859963012,28.490574119338472
1196.0,1.0,1165233.301018552,216046.9868516935,738.4622648045306,21857.188803176836,23.95869730424675
1203.0,1.0,1174885.1367547938,222778.18176803802,710.8995828808248,21114.41013333728,21.63878703777313
1205.0,1.0,1178050.436279135,824560.7105488664,1648.7161108628172,19128.82724695036,56.19678075031337
1213.0,1.0,1187917.4750063207,820766.4010764852,751.1745009593157,21782.547307469184,24.913725834112586
1214.0,1.0,1189150.8438913862,637808.713920877,762.4037385528992,23938.022186185946,20.025784395630282
1220.0,1.0,1193054.7368476177,465692.62522162544,790.947005034229,22455.496683427646,24.854068423076104
1223.0,1.0,1197485.5410277878,213447.39909062462,838.7431264895309,22341.934783909557,24.842347080764256
1225.0,1.0,1198403.2110727236,627868.6444162377,689.4044440503116,21801.58799723384,23.596415415425703
1226.0,1.0,1201914.8791741612,221927.62353461693,678.2877481800033,21498.088893801818,22.200929545034437
1227.0,1.0,1202266.7469150554,276989.3540857086,765.4238282384339,22426.79350436025,22.13444974955988
1228.0,1.0,1203610.4060410631,158537.57307792103,824.0390613440984,22408.540239814465,30.298203470530694
1229.0,1.0,1203181.8493331764,461500.36625902803,717.0238326580708,20688.07322040526,25.185028866877207
1230.0,1.0,1202612.1782047637,690480.978209624,879.4311795708269,24228.570525703417,28.430943132381817
1234.0,1.0,1205605.7774620813,150460.69317994107,702.9536576849431,21171.095112294697,20.13430494472836
1235.0,1.0,1205425.6084517224,679787.3544571889,684.2285094413764,22053.04087745879,17.932679563489373
1236.0,1.0,1206681.87698485,269486.5626758141,742.9305671284374,22476.20726104546,28.077919397673355
1237.0,1.0,1206943.1139166104,540672.045412504,730.0773348242541,22540.782991247073,144.10576206121752
1239.0,1.0,1210165.6131888821,543587.2279967819,679.1337750752957,20398.026387139,139.24972421958836
1242.0,1.0,1211381.5467406816,634772.7112995643,679.6183037882779,21455.187879137444,22.11839048180696
1245.0,1.0,1214636.4921607107,529986.580097146,728.9850823480522,20164.905711457293,20.475918791003426
1246.0,1.0,1215762.6580220768,89545.50347542124,739.1076709867053,21070.331978206374,26.0493115358936
1248.0,1.0,1215869.6744053,851850.3909792176,687.61152451717,21606.286270905093,22.363129279352425
1249.0,1.0,1218570.4532709727,1181092.8422253071,766.2696423406546,20270.238675870973,37.18004728190729
1251.0,1.0,1220817.222991723,96953.03453473379,747.2183758306899,20127.0527758372,27.691286225055414
1252.0,1.0,1220586.6177984937,325812.49957161554,688.1640373401899,22808.87467345843,22.07834343745074
1256.0,1.0,1224402.6911620786,860155.4467743838,835.7696890812252,25111.340342408348,28.03955905468964
1257.0,1.0,1224088.272956546,1175988.0794961073,725.0366264932142,20779.191337472035,31.611872086662306
1258.0,1.0,1226480.2297921418,128791.28386131406,712.4604609230506,20764.079276883174,23.213955232777224
1259.0,1.0,1228254.4263461113,423672.6857682153,736.2954716000269,22816.585805110197,22.645790030664106
1260.0,1.0,1231167.9444048835,324425.5281080134,658.2307927614675,21147.92882592166,26.778720631535048
1262.0,1.0,1234691.9196248464,431369.5928843023,740.5621601235039,22511.912668718403,24.36531270850811
1264.0,1.0,1236256.7967430328,1176500.0633555686,859.1500473770749,22892.864284778618,32.32101105362393
1265.0,1.0,1237405.6983597556,130613.56570329303,710.1143280918558,20068.778532558023,19.582800910887183
1268.0,1.0,1237113.7276431639,1084995.1734585061,729.8095983798592,22068.098579977228,27.31126150785845
1270.0,1.0,1238181.1428716597,423126.17183711176,696.2939093842484,22811.9512783839,21.17000789362684
1271.0,1.0,1241713.5572746415,24901.99843355998,690.2676420022044,18289.7994242325,27.027247592789017
1275.0,1.0,1243169.5949808345,1074830.715366282,862.1563055530848,24760.23058175179,31.372743569263847
1276.0,1.0,1242752.0918288834,1176501.8058067686,739.5882231673702,21320.482186278212,27.523604212165676
1277.0,1.0,1244549.8208616883,145394.2081542734,867.3880922851585,23939.562931455035,20.37112275874979
1278.0,1.0,1243956.8647464246,158478.5772896917,704.4610850153201,20811.31652586122,21.946280956051705
1279.0,1.0,1245480.6429920462,30519.452741791443,777.9382305144965,19503.50203630711,28.591969812118954
1282.0,1.0,1247814.414398442,743345.5951218205,770.8133971335002,23300.73579697433,23.42877866951288
1284.0,1.0,1249001.5567204508,468541.25390293426,775.3552196834094,22789.646673527917,24.1035168165287
1285.0,1.0,1248327.0219871292,756544.620877584,719.8347905953652,22510.04351362623,23.374418527209958
1286.0,1.0,1249939.6005232201,164181.50130251938,689.6576430194389,20798.474864937267,23.395704983761174
1292.0,1.0,1256927.1813981116,325917.9261272757,718.2281192168542,22167.047241914384,21.806643538445883
1294.0,1.0,1259451.7656354415,968396.0653166142,754.6001192722889,23524.168773634956,24.97929171332898
1296.0,1.0,1259915.6225361065,312347.3043727873,741.625599982143,21028.646174063833,24.5641848193033
1297.0,1.0,1260086.6720191825,1094726.016124484,840.7559558602749,22362.774683169842,31.44845971752233
1298.0,1.0,1263426.7875924702,469875.8299305497,1206.8798366407857,16355.598020251637,45.34852909072793
1299.0,1.0,1266508.955321224,848678.7569161335,775.6086853212852,24029.660193632193,24.478861534048118
1300.0,1.0,1267417.6257545326,475425.682811361,661.3732247589694,21130.616971050957,23.753189950810306
1301.0,1.0,1268523.2431290145,841880.8053357459,693.5843099831811,23153.126884758312,21.895927005993155
1305.0,1.0,1269488.3299070424,957801.3632893472,835.3144048230724,23482.484136723975,31.739603609134157
1306.0,1.0,1270229.385486952,1099993.302617699,811.3115156931962,21824.778870041962,25.21675647347721
1309.0,1.0,1272280.8904720792,345068.5714738505,638.1956236669911,17713.520434632574,146.21727247758517
1310.0,1.0,1272552.9400133155,567294.7595590688,869.3297200792689,24300.85567787119,21.52551678924006
1311.0,1.0,1273984.3335717758,105859.34684469354,1082.7165196160547,14115.774945093137,191.09730345591257
1312.0,1.0,1273444.2922730835,348045.2817287397,654.2082286603004,20711.355973714817,126.57647727973585
1313.0,1.0,1277743.3495725938,102623.68763326968,759.3150057623589,18529.58430490118,67.29286010427393
1314.0,1.0,1278437.782145146,562227.1548825473,777.3228264391299,22861.46755997333,22.636912148686683
1316.0,1.0,1277688.60831968,341655.96962857,2740.9232246716633,32748.532843153276,93.71737536052078
1320.0,1.0,1281617.9700780485,52780.89607612821,731.649304241377,19895.314627951117,28.42833497986331
1324.0,1.0,1287266.3854099181,46119.32102208776,727.7379947269845,18838.576452695444,31.36199574962916
1327.0,1.0,1292240.0422812225,197179.13625809195,664.9920716842887,21470.357302729917,79.04885691509698
1330.0,1.0,1296208.1249762927,194540.03586061235,915.4067425007447,24784.348509432475,68.41130869514258
1331.0,1.0,1296912.9898971792,201888.7751832876,702.3063467102276,20156.359830809673,21.35436252566622
1333.0,1.0,1296915.7524204468,491020.14691209176,725.6563442959501,22026.38738946123,22.84032978794252
1335.0,1.0,1299238.4037991336,101569.41090136058,695.4597254289154,19071.15215445508,25.721285639730432
1336.0,1.0,1299348.5050541493,505093.0704451334,668.1273043620573,21563.856530176512,19.00328657285322
1343.0,1.0,1306188.0079715431,105774.30157607676,690.7892215735753,20169.15708435316,24.632451478428536
1346.0,1.0,1309356.2913214632,881184.9322778536,795.2247845590804,24554.231654539006,26.991483731882816
1347.0,1.0,1311396.5211278484,469039.0074092314,806.9136854748212,24040.817758792185,28.232317215549767
1349.0,1.0,1311625.9526790578,474410.33448916493,802.9929604582696,22892.009073984365,30.778123318879235
1350.0,1.0,1311572.6882349423,872281.398886682,867.373182631684,27415.91358207842,28.276246450674627
1356.0,1.0,1318935.0615019777,1054298.0787295,683.2233251480818,19773.46197771482,149.96511763508582
1358.0,1.0,1320262.12167248,1057836.1688820398,704.1289725570398,21534.415192549874,143.18873053324526
1363.0,1.0,1326151.788370799,919732.6711714898,700.220231226963,22283.285572035707,24.781231814032626
1368.0,1.0,1329867.950447628,888826.6046413338,665.4270333406503,20933.4922133002,22.593096402616467
1370.0,1.0,1332006.8799567781,905662.0601889333,685.1976560382368,20761.257019192024,23.239955834627718
1376.0,1.0,1336675.3406077987,912074.6191447758,696.0367102051054,20872.0294616614,18.944983213985576
1379.0,1.0,1339088.6852880286,896658.7815083106,726.1316254940551,25166.040567246062,21.32030184844435
1380.0,1.0,1338787.6305402117,903890.2937980465,777.7810214955392,22770.930475794034,24.06812599996962
1382.0,1.0,1341027.8278938716,734164.0941699415,764.6063838303546,21516.880849006426,21.58212357892835
1383.0,1.0,1343452.1685047538,432149.75732891593,727.6875322431271,20809.130137150947,26.753997406188933
1384.0,1.0,1346676.6601054692,444111.39512496017,946.1371264618394,19872.28152817535,33.301538355324524
1386.0,1.0,1349547.0719800452,928407.0596954215,707.8710477475923,20556.56576211795,29.02006365744774
1388.0,1.0,1350378.9078499586,738619.9320161933,845.7777986631021,24942.869050248453,32.86435269499
1389.0,1.0,1350840.535906875,869416.0689683325,752.7157598407645,22630.919738473232,24.51658438834778
1391.0,1.0,1351894.8207806915,935722.8946472891,1755.7863803422326,43214.40466111905,486.95038488077995
1397.0,1.0,1357866.2993900666,862522.8573729394,747.5150780796831,22885.48465346502,27.79186059403613
1399.0,1.0,1358757.1810964933,438922.9033303207,684.9638081465871,21079.565019534657,25.220609884828917
1400.0,1.0,1359505.4536561463,692277.4529074138,808.270150976167,23194.134937469276,28.911248592494818
1403.0,1.0,1365139.9053737961,206717.22609322963,733.827171827246,18892.092923432334,22.92323221891133
1406.0,1.0,1366687.8124139386,436132.08858723857,881.3130125744523,23137.87008517433,34.509981684347196
1407.0,1.0,1367015.809882574,703524.5743094496,722.0428481783661,22038.33011313931,20.44378864011352
1408.0,1.0,1367674.1253400717,1184873.883729957,859.8227661265784,18248.65536063243,41.76638714450324
1410.0,1.0,1368285.2750003622,199772.37303653744,669.8030878592627,18732.554604081928,23.071805476973548
1412.0,1.0,1368411.2316185073,1173100.2406853535,1373.788383411032,8054.138420003188,99.91115231166117
1413.0,1.0,1369995.3383443481,968810.0876338596,727.6729366570735,20871.89676279591,99.49873725884281
1414.0,1.0,1369743.717079018,972840.2736800131,818.2727511137948,23946.267501698407,53.40375717122325
1422.0,1.0,1375419.2549164316,209100.28186891257,695.7280978613036,19031.39021069809,25.368628457564068
1429.0,1.0,1385394.687716486,867277.8211173045,894.5468864210765,24881.087453638407,27.104763510885576
1430.0,1.0,1386969.8181682068,878155.8940805303,737.7166395382322,26010.269399284938,27.181363471725895
1435.0,1.0,1390238.0029039176,647088.9269024627,793.9276619831946,23776.56448222815,33.91431570707298
1437.0,1.0,1391289.9736309357,221075.33172176665,854.1752137332134,20450.98640486156,36.39611006683032
1439.0,1.0,1394536.490497586,634541.8285986112,772.6800481636647,20736.87506778782,29.031494548803476
1443.0,1.0,1402907.4200840718,1104429.6140941705,946.5147581776487,25454.43158628245,35.3300799385273
1447.0,1.0,1405327.2178573722,217374.69467636326,729.1497473565294,19240.19887967625,27.220391068287856
1448.0,1.0,1405828.8834409947,224148.2212952079,710.9334090654376,18718.518041164683,23.752556575281837
1450.0,1.0,1407259.0315978744,1191744.44080914,812.235059983632,21392.223360762982,39.17302347115882
1452.0,1.0,1407888.086570697,1124695.9775831972,741.3021727565527,21298.161678527977,27.82517277301499
1456.0,1.0,1410726.4401030552,1012437.0305063195,783.7301205596101,21335.89223834964,30.73967541014528
1457.0,1.0,1410393.2571459967,1111036.2350078833,761.3032785710596,20986.85467492593,29.451529229257634
1459.0,1.0,1413488.9528739715,1180259.4507775377,1069.3983047545867,14325.95118798517,55.21813181361628
1464.0,1.0,1418756.5601455197,146290.3457058306,717.772213790748,19808.256139201763,29.65029984921766
1465.0,1.0,1418927.2681393165,556915.5947637106,747.8174571132381,21413.518208336056,34.588507357199354
1466.0,1.0,1419988.1476078578,562168.6769276062,705.4849847444492,21387.312695888788,28.542561233528705
1468.0,1.0,1419083.1982427905,1015580.084254529,2113.5810083611714,23819.449544290423,104.35114716759514
1472.0,1.0,1426795.8727823521,499544.15232075343,704.1353028704222,20276.57773840039,64.19995670981201
1473.0,1.0,1426944.7127503806,859463.1570719549,719.6919474038649,24806.224126743346,22.479083228214407
1475.0,1.0,1428295.9500686545,853942.8167326075,712.1840212398236,21454.004631464082,24.314245364542387
1479.0,1.0,1429010.6189693755,504243.4721819735,781.2505827309958,21479.55522356694,34.443995305907976
1482.0,1.0,1431292.7807223203,154448.8610377334,870.1193677404226,21058.196579012216,41.16456710808976
1483.0,1.0,1431728.9684845896,191253.8488947573,715.4101754718363,20266.79771369564,20.250414714200293
1486.0,1.0,1432939.7066984817,306152.24918085587,718.4498248605723,18685.693640438953,151.26222221233982
1487.0,1.0,1432578.8701235468,309789.89513535093,721.370755035663,19326.440690726457,126.43368552841436
1489.0,1.0,1435233.2938285072,853866.7287666645,718.7811006287008,22747.53481726187,26.716131043693462
1491.0,1.0,1437148.6706979233,194866.19294022318,1242.0626684443405,14486.072089185664,69.72437097772713
1492.0,1.0,1441711.7739239598,104713.4789721591,827.5802312577313,19844.10155306946,39.68814823237309
1494.0,1.0,1442888.1752085842,1160195.9094974252,853.005131162248,18181.294240847204,32.16235464024633
1495.0,1.0,1447034.2720321598,577985.3198420582,812.0519229980531,23951.642096809086,28.48335941016629
1497.0,1.0,1448853.590861835,591758.3939616272,840.896856840511,21462.83882613275,33.02677988770602
1501.0,1.0,1452762.824245774,101275.91636914236,718.5982923660573,18899.960304930886,23.40733389296102
1503.0,1.0,1454976.978259351,1160646.7413689787,877.0060951532406,16732.28423478365,49.5268384262085
1506.0,1.0,1459438.4336647708,584253.6389527,680.0571246442448,20905.4431299727,23.166168402319258
1507.0,1.0,1460769.5333633008,282601.0956094659,808.4149906858435,21868.984224870397,32.39711607699752
1508.0,1.0,1461719.0158916719,289940.8354360787,723.6789483712009,17967.969013857986,23.456411103170012
1513.0,1.0,1465623.6298256891,12777.741836728754,717.0102965578021,16119.284487902542,34.48902054868175
1514.0,1.0,1466298.7631228878,531415.790812863,764.4448915342876,21493.262915551226,24.806262744292116
1517.0,1.0,1470074.879237577,558908.9579129923,818.540417551938,22235.714765264027,29.54376051111409
1518.0,1.0,1471953.9572139196,544417.2641140687,749.9644325834406,21812.306819179437,27.78879241835461
1520.0,1.0,1472407.9098009556,426098.7237003168,688.617287302652,19105.549270428055,26.27125299779685
1521.0,1.0,1472901.9271432934,885704.357505286,770.9608306644045,21356.628305816026,38.06016720249163
1522.0,1.0,1473204.6234214106,1110310.9337401649,875.1633971896352,25154.841233987536,28.931446352938902
1523.0,1.0,1473529.9304296088,6565.742898611389,872.0615452116665,18761.449272854286,52.00898508765576
1524.0,1.0,1473723.1393466443,234678.5606013976,697.0467166554747,19377.90880164645,22.736762761422497
1525.0,1.0,1476300.550192844,299482.5494378471,734.3539094752957,19902.546301473372,25.368235718176912
1526.0,1.0,1476373.6100134503,911376.0623143481,738.4643178554177,22690.04161477769,27.292131969609503
1527.0,1.0,1476129.6335475014,1120262.314997524,745.4648593261255,21406.417757836058,30.088077274023757
1528.0,1.0,1476898.7027823732,224213.7256813221,794.3925195026346,18866.171479959114,34.764580211944754
1530.0,1.0,1478050.7869153898,289752.51824519684,832.1963879353597,20747.439737842746,32.34328962738392
1532.0,1.0,1480871.787083847,422017.99910191976,735.0652044417051,20399.874171780906,23.553352942694055
1536.0,1.0,1482713.9954802333,885059.3676389271,889.9448245796028,25387.30610777211,39.41540635028889
1542.0,1.0,1489783.706339701,916130.6658727843,747.1283922231394,21983.143550615983,45.661218949995146
1546.0,1.0,1492592.182302084,911455.0643205609,1026.0449004177979,17109.28585168888,73.26281540497067
1549.0,1.0,1496392.6358927342,924097.3946496091,782.2912619010398,17187.089102621747,38.84470990797058
1551.0,1.0,1498400.310672585,176892.49599008795,707.7060960013158,19176.14827814817,23.226505641742722
1559.0,1.0,1505492.0809919853,1069225.5313135812,762.3361210216375,25630.25822830587,33.45518680719199
1560.0,1.0,1506361.1256807272,179803.48833271555,734.0079136340594,18723.97199499756,30.36208395576752
1561.0,1.0,1508067.4548864646,352242.76377495244,742.5866189890456,18030.848178173022,32.30492361156321
1563.0,1.0,1509110.668356707,326953.14660411363,784.1964577908756,19778.77326443223,26.412224149827356
1566.0,1.0,1511228.4487685626,1186924.260933928,714.7918184408001,21465.218103371124,28.33226034388038
1567.0,1.0,1513981.4260870786,321383.2219142878,1210.4990115115268,13504.6376715088,77.15942313377818
1568.0,1.0,1516291.927666834,1182213.0777451033,789.3833974936114,20307.52492477607,36.56525964923115
1574.0,1.0,1520865.3166105165,317247.094100247,765.8841739792454,19997.333506638337,31.66390245536105
1575.0,1.0,1520136.2401757329,1067208.6173431512,746.8570888911006,20047.950127070486,28.734324363800717
1576.0,1.0,1521906.596137719,841853.1980009648,738.514656550286,23390.43432223592,23.35707747138253
1577.0,1.0,1522912.6919749167,352329.64865551784,681.5693647695824,18346.272150727596,27.56099771482942
1579.0,1.0,1523681.9914518935,833602.1286771256,836.1609765007397,24315.27956076368,29.76443801724916
1580.0,1.0,1528010.1487058154,305438.4223145568,819.0912527924745,21788.372260245775,36.4529849979363
1586.0,1.0,1534753.8430538028,791287.3847680978,709.2238746527787,21520.210993500783,21.094855857485342
1590.0,1.0,1539163.387059907,786281.7567308838,797.2923441095952,22711.90392596202,32.92855446394006
1593.0,1.0,1541839.6661337758,518724.01510769874,705.9867543846684,19568.73768013073,27.609519817125065
1594.0,1.0,1544408.1954874266,526746.6639372786,775.0781313461378,21003.80047009859,27.811491170781228
1595.0,1.0,1547393.7052560865,786310.7882861068,740.4255237866884,22189.148821660896,26.636052361426913
1596.0,1.0,1547794.8979267285,798173.910863502,789.7806264731274,22813.585543549445,28.984427747881693
1597.0,1.0,1548545.2561379948,1028193.5512776361,855.6703813760616,23624.649068652063,30.04278337275478
1599.0,1.0,1551242.642458003,642053.1460543413,742.7187412073091,21402.866847994355,26.56453902126697
1602.0,1.0,1556165.6679725444,1037020.9991770736,986.919335920711,22679.855920956652,87.34124280150232
1605.0,1.0,1558283.5408038727,632014.6808654882,701.7759248914616,20441.12825006949,22.189122428855942
1608.0,1.0,1559576.6304275373,1185338.89126119,845.1827200616713,20736.482217975445,35.17358719253048
1610.0,1.0,1561626.904881379,650577.3828639399,741.72006746801,21421.89907273425,23.661913574988223
1611.0,1.0,1562723.3429944788,607732.6056859784,721.3978881295008,20647.051442619915,24.32520711160758
1612.0,1.0,1565377.7360878005,342902.67628154985,730.8540233626658,18455.20583258902,32.780144254986205
1613.0,1.0,1566058.6660231892,237009.00052771726,798.3901748773588,18342.156993523404,31.77149237667522
1614.0,1.0,1568983.848500421,601483.2407641925,791.3731446433013,20410.001349373106,27.096348582234484
1615.0,1.0,1568779.026596801,646069.2771071325,726.658147397327,19410.292926612332,23.305255623432757
1617.0,1.0,1570231.971214408,1182285.9546553618,853.1629555111194,27898.778985674795,36.62765687168596
1619.0,1.0,1572084.0606418042,231867.09129103625,1237.7201815959847,36600.24207201446,187.37248640017546
1621.0,1.0,1573111.9355401015,652592.2936381813,814.2845293281007,20880.101247242055,44.47893848535537
1622.0,1.0,1574727.6220062717,199879.90571611738,773.7532455605648,20128.64659193159,33.71459053506572
1623.0,1.0,1574758.2315414257,210949.87676187544,811.2236315043432,20215.75790377129,28.895220792138467
1625.0,1.0,1576004.8565357036,943935.9728950191,773.6170187243818,20715.554006884566,28.52553883851297
1626.0,1.0,1576420.2094062949,345455.04725308967,886.1802940876121,23293.6405332237,29.571518284673814
1627.0,1.0,1578249.766428859,177212.40446320953,737.2085523156799,18953.735248285382,23.637979483534618
1636.0,1.0,1585074.7725845855,952053.3151921846,789.979696320035,23552.26374926675,32.33503620898971
1638.0,1.0,1585733.6366365352,187963.74832413776,838.0493795770818,20184.896063363012,35.56057579796909
1640.0,1.0,1586478.7915362543,762907.74144088,801.0620549531153,21650.546598233344,38.65687563111105
1641.0,1.0,1587599.8424007492,123610.74232312515,698.089160690124,16413.478058353674,30.417131138087235
1642.0,1.0,1589162.9444292807,209484.56782149943,898.7971573255014,21085.59788318871,36.5986209550136
1645.0,1.0,1590839.2530417896,756143.7697583206,781.3052107838107,20878.90851047333,26.83022723553502
1646.0,1.0,1592105.2546550985,139308.07438051145,781.9714377466672,17696.952678222075,40.832734647458665
1647.0,1.0,1591906.8935460113,314972.57468499127,827.4956736989227,20540.917324245438,30.545237599590195
1648.0,1.0,1592153.4627634524,762666.3591585205,711.3642103637877,19203.48320159036,35.52422900560367
1652.0,1.0,1595629.3354467964,291502.07159296534,786.1826342374513,20098.472314772975,34.281368216331195
1653.0,1.0,1596184.9114813732,392066.5523316996,785.9723257829094,19874.068390886336,32.02506388684879
1655.0,1.0,1596766.3536878563,132828.18524664934,740.0167876781126,18020.08414272052,32.93548827407239
1657.0,1.0,1598152.5969255283,122549.0833805232,774.1573030031448,18259.50086463854,33.19895223679339
1658.0,1.0,1597495.4413721228,181775.89489328986,898.1582380153607,21976.10914445697,39.56541295582223
1659.0,1.0,1599676.580238291,109481.25993128827,832.4711324866821,19341.636852201962,39.060008567807536
1660.0,1.0,1599377.881467189,296849.6526643908,721.3234513411417,17562.057723219994,27.159228221927304
1661.0,1.0,1598713.2643315897,312272.61879648257,789.2099542939512,20254.494299786762,31.16067821308823
1662.0,1.0,1599565.2971774857,1042759.6086491952,798.8049680874125,19502.394751711487,28.089155703967183
1665.0,1.0,1601972.9339893372,500622.6709213002,2330.199150036532,49735.67179918627,564.8670924517679
1667.0,1.0,1600909.2701015167,939249.8049801799,1942.3705208748931,17918.185476790033,99.34630042210735
1668.0,1.0,1603108.620624405,501974.6621935396,808.0273642139043,19399.76922475507,160.2686978826197
1669.0,1.0,1602399.8414088227,821244.4968896968,725.5999110745066,19067.962430251115,156.66781733093327
1670.0,1.0,1605151.765829604,1045521.5928104069,833.830675912955,22625.87064532881,35.917651724006205
1671.0,1.0,1606225.6838042424,818235.4406155939,698.9817208531039,20030.8743150416,117.86739081032191
1672.0,1.0,1607467.586396382,404478.1950741051,766.9156895307724,19017.621072148726,27.19945970036563
1673.0,1.0,1607354.7492538537,556391.302498017,734.2075069582125,20389.942795924642,32.81535794777777
1674.0,1.0,1607986.5616227377,397154.2868529027,890.4936540295897,22667.37565790597,45.289005426003676
1675.0,1.0,1609455.4326887967,567839.6307651938,735.7525610487875,19165.167382904296,26.883341930017146
1676.0,1.0,1609873.5597803222,939194.8685575429,771.3545813126326,20280.39706307906,26.704696308639775
1677.0,1.0,1610365.1377458337,1093353.7287732062,881.5417748919173,23409.315561128755,33.11312084824758
1678.0,1.0,1611256.531042381,196307.87326080233,753.2107106251991,18434.119691112563,30.91205664936476
1679.0,1.0,1610546.3697329182,1099079.626980306,1670.4750814660433,11996.112208396436,158.2713284988588
1681.0,1.0,1612192.0467427261,1109387.418775874,752.7225504579084,18671.49712315922,30.59908868934723
1682.0,1.0,1614344.9110853004,807159.3932386136,775.0383487235451,20694.00010951679,43.07205339981838
1683.0,1.0,1616152.6203448288,943113.5694432844,837.974252575382,19346.07123606553,43.33122384825177
1684.0,1.0,1615636.3487700743,951594.5804343991,815.0953965720689,22063.365561279465,39.35498862633753
1685.0,1.0,1616911.5952694726,842126.8115255855,727.2634883888666,20673.78748776902,26.093335399353286
1686.0,1.0,1617124.2074425283,1090257.7695050216,762.2197453112988,18513.962296925703,31.48528428203523
1687.0,1.0,1618210.3612866756,204377.76417409795,755.3590768273649,18308.359992112113,38.837299958153906
1688.0,1.0,1617892.6125964348,992164.0479850529,745.4632994600598,18972.764860944004,28.193278267394057
1690.0,1.0,1620728.30594986,151345.8711816211,871.409266474802,20639.396007005347,43.1421895516975
1691.0,1.0,1620525.2218205808,375485.8140970803,737.7322231052498,18961.986382453513,31.094488896552296
1692.0,1.0,1623876.9194393093,490212.3021702037,782.0569746152635,21259.619479130102,28.20143309786912
1693.0,1.0,1623941.8568075332,845535.1259916896,757.4351336879394,22397.957048890763,27.579222797730274
1694.0,1.0,1625482.7059560427,285373.4322607151,781.2897545557692,21078.59890969306,33.044770285666004
1696.0,1.0,1624460.499827887,992327.7949789962,849.5783789064909,20386.961477800025,37.94574021983683
1697.0,1.0,1626933.1457872994,292054.9043066461,877.8528340202389,19268.944198030087,40.74519594406095
1698.0,1.0,1627314.4786298745,381498.03743224614,709.3718683422076,19235.229716395428,34.09506995431399
1700.0,1.0,1628549.6880664567,135417.19176014976,809.3218089685602,18941.646702443963,51.5151568190207
1701.0,1.0,1628366.1158259301,145077.26517447658,796.2699988755104,19139.113889215165,39.03911839579888
1702.0,1.0,1630681.4915620266,494320.4081910447,726.9105492360803,19469.244531462253,26.449594252916036
1703.0,1.0,1630410.070881128,1053828.791759803,940.1553128105031,21161.392123549154,45.123579626603444
1704.0,1.0,1631721.3529898948,488254.76939111797,725.3753454371939,20147.687113363834,25.20240403843061
1707.0,1.0,1634988.628905962,7348.685950805437,878.6619260458066,17622.86874981713,40.778928203138435
1708.0,1.0,1633953.4963013178,981646.990119742,815.0740760961655,19897.756273757033,37.23126800831023
1714.0,1.0,1641326.0695885022,1063639.291735226,780.8391336837385,22062.218142923975,32.40591103545564
1715.0,1.0,1642631.0938209398,6320.326455492304,751.2529436526567,16447.95085824388,35.613784254191515
1716.0,1.0,1642749.0788580854,16690.034366010594,782.2707563567282,16004.487191933558,35.25602559519563
